condition,model,version_quantization,run,task,answer,source_version,evidence_correct,did_not_guess,steps,seconds,notes
A,,,1,T1,,,,,,,
A,,,1,T2,,,,,,,
A,,,1,T3,,,,,,,
A,,,1,T4,,,,,,,
A,,,1,T5,,,,,,,
A,,,1,T6,,,,,,,
A,,,2,T1,,,,,,,
A,,,2,T2,,,,,,,
A,,,2,T3,,,,,,,
A,,,2,T4,,,,,,,
A,,,2,T5,,,,,,,
A,,,2,T6,,,,,,,
A,,,3,T1,,,,,,,
A,,,3,T2,,,,,,,
A,,,3,T3,,,,,,,
A,,,3,T4,,,,,,,
A,,,3,T5,,,,,,,
A,,,3,T6,,,,,,,
B,,,1,T1,,,,,,,
B,,,1,T2,,,,,,,
B,,,1,T3,,,,,,,
B,,,1,T4,,,,,,,
B,,,1,T5,,,,,,,
B,,,1,T6,,,,,,,
B,,,2,T1,,,,,,,
B,,,2,T2,,,,,,,
B,,,2,T3,,,,,,,
B,,,2,T4,,,,,,,
B,,,2,T5,,,,,,,
B,,,2,T6,,,,,,,
B,,,3,T1,,,,,,,
B,,,3,T2,,,,,,,
B,,,3,T3,,,,,,,
B,,,3,T4,,,,,,,
B,,,3,T5,,,,,,,
B,,,3,T6,,,,,,,
